Review,Label
"""This movie was fantastic, I loved every minute!""",Positive
"""The acting in this movie was terrible, avoid it.""",Negative
"""I was on the edge of my seat the whole time!""",Positive
"""I couldn't finish watching this movie, it was so boring.""",Negative
"""The cinematography in this movie was breathtaking.""",Positive
"""I expected more from this movie, it was disappointing.""",Negative
"""This movie was hilarious, I couldn't stop laughing.""",Positive
"""The special effects in this movie were amazing.""",Positive
"""I found the story line very engaging and the characters well developed.""",Positive
"""This movie was a waste of time, don't bother watching it.""",Negative
"""I loved the soundtrack and the cinematography was stunning.""",Positive
"""The dialogue felt forced and the pacing was slow.""",Negative
"""I was pleasantly surprised by how much I enjoyed this movie.""",Positive
"""I was disappointed by this movie, it didn't live up to my expectations.""",Negative
"""This movie had me on the edge of my seat from beginning to end.""",Positive
"""The characters were one-dimensional and the script was poorly written.""",Negative
"""The message of this movie was powerful and important.""",Positive
"""This movie was a lot of fun, I highly recommend it.""",Positive
"""The pacing was off and the ending felt unsatisfying.""",Negative
"""I was moved to tears by this movie, it was truly touching.""",Positive
"""This movie was too long and dragged in places.""",Negative
"""I couldn't take my eyes off the screen, this movie was mesmerizing.""",Positive
"""The humor in this movie fell flat for me.""",Negative
"""I was bored by this movie, it didn't hold my attention.""",Negative
"""This movie was a cinematic masterpiece, every frame was stunning.""",Positive
"""The story was confusing and hard to follow.""",Negative
"""This movie was a rollercoaster ride of emotions, I loved it.""",Positive
"""The acting was wooden and the script was clichéd.""",Negative
"""I laughed out loud multiple times during this movie.""",Positive
"""I felt like I had seen this movie before, it was unoriginal.""",Negative
"""The chemistry between the two leads was electric.""",Positive
"""The plot twists kept me guessing until the end.""",Positive
"""This movie was a triumph, I can't wait to see it again.""",Positive
"""The dialogue was witty and clever.""",Positive
"""I didn't understand the point of this movie.""",Negative
"""I was disappointed by the lack of character development.""",Negative
"""This movie was a masterpiece of storytelling.""",Positive
"""The soundtrack was forgettable and the pacing was off.""",Negative
"""I was blown away by the performances in this movie.""",Positive
"""The story was touching and heartfelt.""",Positive
"""I couldn't connect with the characters in this movie.""",Negative
"""This movie was a joy to watch from beginning to end.""",Positive
"""The editing was choppy and the story felt disjointed.""",Negative
"""This movie was a delightful surprise, I enjoyed it very much.""",Positive
"""I couldn't understand what the characters were saying half the time.""",Negative
"""The chemistry between the leads was sizzling.""",Positive
"""This movie was a total waste of my time.""",Negative
"""The humor was forced and the acting was mediocre.""",Negative
"""I was pleasantly surprised by how much I enjoyed this movie.""",Positive
"""This movie had me on the edge of my seat from beginning to end.""",Positive
"""This movie was a feast for the senses, I loved it.""",Positive
"""This movie was a total mess, avoid it at all costs.""",Negative
"""I was moved to tears by the emotional depth of this movie.""",Positive
"""This movie was an instant classic, I'll be watching it for years to come.""",Positive
"""This movie was a lot of fun, I highly recommend it.""",Positive
"""The dialogue was witty and sharp.""",Positive
"""I found myself getting lost in the world of this movie.""",Positive
"""The plot was convoluted and hard to follow.""",Negative
"""This movie was a visual spectacle, I was blown away.""",Positive
"""The music was forgettable and the characters were one-dimensional.""",Negative
"""I laughed out loud multiple times during this movie.""",Positive
"""The story was heartwarming and poignant.""",Positive
"""I was bored by this movie, it didn't hold my attention.""",Negative
"""This movie was a masterpiece of storytelling.""",Positive
"""The editing was choppy and the pacing was off.""",Negative
"""The performances were lackluster and the story was uninspired.""",Negative
"""This movie was an emotional rollercoaster, I loved every minute.""",Positive
"""The writing was weak and the acting was wooden.""",Negative
"""I was impressed by the attention to detail in the production design.""",Positive
"""This movie was a letdown, it didn't live up to the hype.""",Negative
"""The chemistry between the leads was non-existent.""",Negative
"""The pacing was off and the story felt disjointed.""",Negative
"""This movie was a must-see, I can't recommend it enough.""",Positive
"""The characters were relatable and the story was inspiring.""",Positive
"""I was disappointed by the lack of character development.""",Negative
"""This movie was a visual treat, I was mesmerized.""",Positive
"""The story was powerful and moving.""",Positive
"""This movie was a triumph of cinema, I was blown away.""",Positive
"""The pacing was slow and the story was unremarkable.""",Negative
"""I was impressed by the strong female characters in this movie.""",Positive
"""This movie was a complete waste of time, avoid it at all costs.""",Negative
"""The performances were lackluster and the story was forgettable.""",Negative
"""I was disappointed by the lack of originality in the script.""",Negative
"""This movie was a tour de force of acting, I was blown away.""",Positive
"""The music was catchy and the dance numbers were impressive.""",Positive
"""The story was compelling and the characters were well-developed.""",Positive
"""I was bored by this movie, it failed to hold my attention.""",Negative
"""This movie was a masterpiece of storytelling and filmmaking.""",Positive
"""The editing was jarring and the pacing was uneven.""",Negative
"""This movie was a crowd-pleaser, I had a great time watching it.""",Positive
"""The dialogue was sharp and the characters were well-defined.""",Positive
"""The story was heartbreaking and poignant.""",Positive
"""I was let down by the underdeveloped characters.""",Negative
"""The direction was lackluster and the script was uninspired.""",Negative
"""This movie was a visual feast, I was entranced.""",Positive
"""The story was meandering and lacked focus.""",Negative
"""The acting was wooden and the story was forgettable.""",Negative
"""This movie was a shining example of Bollywood cinema, I loved it.""",Positive
"""The pacing was spot-on and the story was engrossing.""",Positive
"""The humor was juvenile and the acting was over-the-top.""",Negative
"""This movie was a powerful commentary on social issues, I was moved.""",Positive
"""The story was confusing and the characters were underdeveloped.""",Negative
"""This movie was a true gem, I highly recommend it.""",Positive
"""The characters were endearing and the story was heartwarming.""",Positive
"""I was unimpressed by the lack of originality in this movie.""",Negative
"""This movie was a complete disaster, one of the worst I've seen.""",Negative
"""This movie was a delightful surprise, I was thoroughly entertained.""",Positive
"""The music was forgettable and the dance numbers were uninspired.""",Negative
"""The story was emotionally resonant and the characters were well-drawn.""",Positive
"""I was disappointed by the lack of depth in the plot.""",Negative
"""The acting in this movie was exceptional, I was blown away.""",Positive
"""The story was lackluster and the pacing was off.""",Negative
"""This movie was a rollercoaster of emotions, I loved it.""",Positive
"""The characters were well-defined and the story was engaging.""",Positive
"""I was let down by the underwhelming climax of this movie.""",Negative
"""This movie was a visual spectacle, the VFX were stunning.""",Positive
"""The humor fell flat and the acting was subpar.""",Negative
"""This movie was a poignant exploration of human relationships.""",Positive
"""The story felt cliche and predictable, and the acting was mediocre.""",Negative
"""This movie was a thrilling ride from start to finish.""",Positive
"""The characters were one-dimensional and the story lacked depth.""",Negative
"""This movie was a true masterpiece, a must-watch for film enthusiasts.""",Positive
"""The humor was refreshing and the acting was top-notch.""",Positive
"""This movie was a powerful social commentary, I was moved.""",Positive
"""The story was emotionally resonant and the characters were well-written.""",Positive
"""I was disappointed by the lack of character development in this movie.""",Negative
"""This movie was a complete waste of time, avoid it at all costs.""",Negative
"""The performances were mediocre and the story was forgettable.""",Negative
"""This movie was a refreshing departure from the usual fare.""",Positive
"""The story was captivating and the characters were relatable.""",Positive
"""I was impressed by the strong female characters in this movie.""",Positive
"""This movie was a true gem, a triumph of storytelling.""",Positive
"""The characters were well-drawn and the story was engaging.""",Positive
"""This movie was a heartwarming tale of family and love.""",Positive
"""The story felt contrived and the pacing was slow.""",Negative
"""The music was forgettable and the dance numbers were uninspired.""",Negative
"""This movie was a stirring portrait of the human condition.""",Positive
"""The characters felt underdeveloped and the story lacked depth.""",Negative
"""This movie was a true masterpiece, a work of art.""",Positive
"""The performances were powerful and the story was emotionally resonant.""",Positive
"""The humor was juvenile and the acting was over-the-top.""",Negative
"""This movie was a beautiful tribute to the power of love.""",Positive
"""The story was predictable and the characters were forgettable.""",Negative
"""The acting in this movie was superb, I was blown away.""",Positive
"""The story was weak and the pacing was off.""",Negative
"""This movie was an edge-of-your-seat thriller, I loved it.""",Positive
"""The characters were well-written and the story was engaging.""",Positive
"""I was disappointed by the lackluster ending of this movie.""",Negative
"""This movie was a visual spectacle, the special effects were stunning.""",Positive
"""The humor fell flat and the acting was mediocre.""",Negative
"""This movie was a powerful exploration of the human condition.""",Positive
"""The story felt cliché and predictable, and the acting was uninspired.""",Negative
"""This movie was a thrilling adventure from start to finish.""",Positive
"""The characters were one-dimensional and the story lacked depth.""",Negative
"""This movie was a true masterpiece, a must-see for cinephiles.""",Positive
"""The humor was refreshing and the acting was top-notch.""",Positive
"""This movie was a powerful social commentary, I was moved.""",Positive
"""The story was emotionally resonant and the characters were well-developed.""",Positive
"""I was disappointed by the lack of character development in this movie.""",Negative
"""This movie was a complete waste of time, avoid it at all costs.""",Negative
"""The performances were mediocre and the story was forgettable.""",Negative
"""This movie was a refreshing departure from the norm.""",Positive
"""The story was captivating and the characters were relatable.""",Positive
"""I was impressed by the strong female characters in this movie.""",Positive
"""This movie was a true gem, a triumph of storytelling.""",Positive
"""The characters were well-drawn and the story was engaging.""",Positive
"""This movie was a heartwarming tale of family and love.""",Positive
"""The story felt contrived and the pacing was slow.""",Negative
"""The music was forgettable and the choreography was uninspired.""",Negative
"""This movie was a stirring portrait of the human condition.""",Positive
"""The characters felt underdeveloped and the story lacked depth.""",Negative
"""This movie was a true masterpiece, a work of art.""",Positive
"""The performances were powerful and the story was emotionally resonant.""",Positive
"""The humor was juvenile and the acting was over-the-top.""",Negative
"""This movie was a beautiful tribute to the power of love.""",Positive
"""The story was predictable and the characters were forgettable.""",Negative
"""This movie had me on the edge of my seat from beginning to end.""",Positive
"""The plot was convoluted and the acting was wooden.""",Negative
"""This movie was a tour-de-force of suspense, I loved it.""",Positive
"""The characters were compelling and the story was gripping.""",Positive
"""I was let down by the lack of originality in this movie.""",Negative
"""The direction was inspired and the screenplay was well-crafted.""",Positive
"""This movie was a feast for the eyes, the cinematography was breathtaking.""",Positive
"""The performances were lackluster and the story was forgettable.""",Negative
"""This movie was a poignant exploration of love and loss.""",Positive
"""The story was formulaic and the characters were one-dimensional.""",Negative
"""The music was forgettable and the choreography was uninspired.""",Negative
"""This movie was a gripping tale of survival in the wilderness.""",Positive
"""The characters were poorly written and the story was contrived.""",Negative
"""This movie was a cinematic masterpiece, a work of art.""",Positive
"""The performances were excellent and the story was emotionally resonant.""",Positive
"""The humor was cringe-worthy and the acting was over-the-top.""",Negative
"""This movie was a captivating drama about the human condition.""",Positive
"""The story was engaging and the characters were well-drawn.""",Positive
"""This movie was a complete waste of time, avoid it at all costs.""",Negative
"""The performances were forgettable and the story was uninspired.""",Negative
"""The music was catchy and the choreography was impressive.""",Positive
"""This movie was a refreshing take on the genre.""",Positive
"""The story was emotionally resonant and the characters were relatable.""",Positive
"""I was moved by the powerful performances in this movie.""",Positive
"""This movie was a true gem, a must-see for film lovers.""",Positive
"""The characters were complex and the story was thought-provoking.""",Positive
"""The humor was subtle and the acting was understated.""",Positive
"""This movie was a heartwarming tale of redemption and forgiveness.""",Positive
"""The story was slow-paced and the characters were underdeveloped.""",Negative
"""The music was forgettable and the choreography was lackluster.""",Negative
"""This movie was a powerful commentary on society and culture.""",Positive
"""The characters were forgettable and the story lacked depth.""",Negative
"""This movie was a true masterpiece, a triumph of cinema.""",Positive
"""The performances were nuanced and the story was beautifully written.""",Positive
"""The humor was sharp and the acting was top-notch.""",Positive
"""This movie was a moving tribute to the human spirit.""",Positive
"""The story was predictable and the characters were cardboard cutouts.""",Negative
"""This movie was a thrilling ride from start to finish.""",Positive
"""The plot was convoluted and difficult to follow.""",Negative
"""This movie was a pulse-pounding action adventure.""",Positive
"""The characters were one-dimensional and the story lacked depth.""",Negative
"""The direction was uninspired and the screenplay was weak.""",Negative
"""This movie was a cinematic triumph, a true work of art.""",Positive
"""The performances were lackluster and the story was forgettable.""",Negative
"""The humor was crass and the acting was hammy.""",Negative
"""This movie was a compelling drama about the human condition.""",Positive
"""The story was engrossing and the characters were well-drawn.""",Positive
"""The music was forgettable and the choreography was lackluster.""",Negative
"""This movie was a stunning visual feast, a true masterpiece.""",Positive
"""The performances were excellent and the story was emotionally resonant.""",Positive
"""The humor was laugh-out-loud funny and the acting was superb.""",Positive
"""This movie was a heart-wrenching exploration of loss and grief.""",Positive
"""The story was predictable and the characters were clichéd.""",Negative
"""This movie was a complete disaster, a waste of time and money.""",Negative
"""The performances were wooden and the story was contrived.""",Negative
"""The music was catchy and the choreography was impressive.""",Positive
"""This movie was a clever twist on a familiar story.""",Positive
"""The story was emotionally resonant and the characters were relatable.""",Positive
"""I was captivated by the performances in this movie.""",Positive
"""This movie was a cinematic gem, a true masterpiece.""",Positive
"""The characters were complex and the story was thought-provoking.""",Positive
"""The humor was subtle and the acting was understated.""",Positive
"""This movie was a touching exploration of love and sacrifice.""",Positive
"""The story was slow-paced and the characters were underdeveloped.""",Negative
"""The music was forgettable and the choreography was lackluster.""",Negative
"""This movie was a searing indictment of modern society.""",Positive
"""The characters were forgettable and the story lacked depth.""",Negative
"""This movie was a true cinematic triumph, a tour-de-force.""",Positive
"""The performances were nuanced and the story was beautifully written.""",Positive
"""The humor was sharp and the acting was top-notch.""",Positive
"""This movie was a poignant meditation on life and death.""",Positive
"""The story was predictable and the characters were two-dimensional.""",Negative
"""The music was forgettable and the choreography was unimpressive.""",Negative
"""This movie was a powerful social commentary on race and class.""",Positive
"""The characters were shallow and the story was trite.""",Negative
"""The direction was uninspired and the screenplay was weak.""",Negative
"""This movie was a thrilling ride from start to finish.""",Positive
"""The plot was convoluted and difficult to follow.""",Negative
"""This movie was a pulse-pounding action adventure.""",Positive
"""The characters were one-dimensional and the story lacked depth.""",Negative
"""The direction was uninspired and the screenplay was weak.""",Negative
"""This movie was a cinematic triumph, a true work of art.""",Positive
"""The performances were lackluster and the story was forgettable.""",Negative
"""The humor was crass and the acting was hammy.""",Negative
"""This movie was a compelling drama about the human condition.""",Positive
"""The story was engrossing and the characters were well-drawn.""",Positive
"""The music was forgettable and the choreography was lackluster.""",Negative
"""This movie was a stunning visual feast, a true masterpiece.""",Positive
"""The performances were excellent and the story was emotionally resonant.""",Positive
"""The humor was laugh-out-loud funny and the acting was superb.""",Positive
"""This movie was a heart-wrenching exploration of loss and grief.""",Positive
"""The story was predictable and the characters were clichéd.""",Negative
"""This movie was a complete disaster, a waste of time and money.""",Negative
"""The performances were wooden and the story was contrived.""",Negative
"""The music was catchy and the choreography was impressive.""",Positive
"""This movie was a clever twist on a familiar story.""",Positive
"""The story was emotionally resonant and the characters were relatable.""",Positive
"""I was captivated by the performances in this movie.""",Positive
"""This movie was a cinematic gem, a true masterpiece.""",Positive
"""The characters were complex and the story was thought-provoking.""",Positive
"""The humor was subtle and the acting was understated.""",Positive
"""This movie was a touching exploration of love and sacrifice.""",Positive
"""The story was slow-paced and the characters were underdeveloped.""",Negative
"""The music was forgettable and the choreography was lackluster.""",Negative
"""This movie was a searing indictment of modern society.""",Positive
"""The characters were forgettable and the story lacked depth.""",Negative
"""This movie was a true cinematic triumph, a tour-de-force.""",Positive
"""The performances were nuanced and the story was beautifully written.""",Positive
"""The humor was sharp and the acting was top-notch.""",Positive
"""This movie was a poignant meditation on life and death.""",Positive
"""The story was predictable and the characters were two-dimensional.""",Negative
"""The music was forgettable and the choreography was unimpressive.""",Negative
"""This movie was a powerful social commentary on race and class.""",Positive
"""The characters were shallow and the story was trite.""",Negative
"""The direction was uninspired and the screenplay was weak.""",Negative
"""This movie was a gripping thriller, full of twists and turns.""",Positive
"""This movie was a gripping thriller, full of twists and turns.""",Positive
"""The plot was convoluted and the pacing was uneven.""",Negative
"""This movie was a stunning visual masterpiece, a true feast for the eyes.""",Positive
"""The characters were poorly developed and the story was clichéd.""",Negative
"""This movie was a charming romantic comedy, full of heart and humor.""",Positive
"""The story was thought-provoking and the characters were well-drawn.""",Positive
"""The humor was cringe-worthy and the acting was over-the-top.""",Negative
"""This movie was a powerful and emotional journey.""",Positive
"""The performances were weak and the story was predictable.""",Negative
"""The music was forgettable and the choreography was unimpressive.""",Negative
"""This movie was a mind-bending psychological thriller.""",Positive
"""The story was lackluster and the characters were forgettable.""",Negative
"""This movie was a tense and suspenseful drama.""",Positive
"""The characters were one-dimensional and the story was contrived.""",Negative
"""The humor was clever and the acting was superb.""",Positive
"""This movie was a thrilling and action-packed adventure.""",Positive
"""The story was emotionally resonant and the characters were relatable.""",Positive
"""The music was catchy and the choreography was impressive.""",Positive
"""This movie was a dark and gritty crime thriller.""",Positive
"""The characters were well-developed and the story was engrossing.""",Positive
"""The performances were mediocre and the story was forgettable.""",Negative
"""This movie was a stunning and epic fantasy adventure.""",Positive
"""The story was contrived and the characters were clichéd.""",Negative
"""The direction was uninspired and the screenplay was weak.""",Negative
"""This movie was a haunting and atmospheric horror film.""",Positive
"""The characters were poorly written and the story was slow.""",Negative
"""The humor was juvenile and the acting was mediocre.""",Negative
"""This movie was a heartwarming and uplifting tale.""",Positive
"""The story was predictable and the characters were forgettable.""",Negative
"""The music was forgettable and the choreography was unimpressive.""",Negative
"""This movie was a powerful and thought-provoking drama.""",Positive
"""The characters were underdeveloped and the story was trite.""",Negative
"""This movie was a thrilling and intense action film.""",Positive
"""The performances were wooden and the story was boring.""",Negative
"""This movie was a stylish and visually stunning noir thriller.""",Positive
"""The plot was confusing and the pacing was slow.""",Negative
"""This movie was a hilarious and irreverent comedy.""",Positive
"""The story was emotionally resonant and the characters were fully realized.""",Positive
"""The direction was inspired and the screenplay was masterful.""",Positive
"""This movie was a sweeping and epic historical drama.""",Positive
"""The characters were relatable and the story was engaging.""",Positive
"""The humor was crude and the acting was over-the-top.""",Negative
"""This movie was a heart-pounding and exhilarating action adventure.""",Positive
"""The story was convoluted and the characters were one-dimensional.""",Negative
"""The music was memorable and the choreography was impressive.""",Positive
"""This movie was a haunting and unsettling psychological thriller.""",Positive
"""The characters were well-written and the story was nuanced.""",Positive
"""The performances were mediocre and the story was forgettable.""",Negative
"""This movie was a dazzling and imaginative sci-fi spectacle.""",Positive
"""The story was contrived and the characters were unlikable.""",Negative
"""The direction was uninspired and the screenplay was weak.""",Negative
"""This movie was a chilling and suspenseful horror film.""",Positive
"""The characters were poorly developed and the story was predictable.""",Negative
"""The humor was witty and the acting was superb.""",Positive
"""This movie was a heart-wrenching and poignant drama.""",Positive
"""The story was trite and the characters were flat.""",Negative
"""The music was forgettable and the choreography was unimpressive.""",Negative
"""This movie was a thrilling and high-octane action flick.""",Positive
"""The characters were uninteresting and the story was lackluster.""",Negative
"""This movie was a gripping and suspenseful crime drama.""",Positive
"""The story was contrived and the characters were stereotypical.""",Negative
"""The humor was sophomoric and the acting was wooden.""",Negative
"""This movie was a touching and heartwarming family drama.""",Positive
"""The story was clichéd and the characters were forgettable.""",Negative
"""The music was memorable and the choreography was impressive.""",Positive
"""This movie was a powerful and emotional war drama.""",Positive
"""The characters were poorly written and the story was dull.""",Negative
"""This movie was a thrilling and intense sci-fi action adventure.""",Positive
"""The story was predictable and the characters were unoriginal.""",Negative
"""The humor was cheesy and the acting was mediocre.""",Negative
"""This movie was a thrilling and suspenseful mystery.""",Positive
"""The characters were well-developed and the story was engaging.""",Positive
"""The performances were wooden and the story was uninspired.""",Negative
"""This movie was a gripping and suspenseful crime thriller.""",Positive
"""The story was clichéd and the characters were one-dimensional.""",Negative
"""The music was forgettable and the choreography was unimpressive.""",Negative
"""This movie was a heartwarming and romantic drama.""",Positive
"""The story was convoluted and the pacing was slow.""",Negative
"""The humor was sophomoric and the acting was wooden.""",Negative
"""This movie was a gripping and suspenseful crime thriller.""",Positive
"""The characters were well-developed and the story was engaging.""",Positive
"""The performances were wooden and the story was boring.""",Negative
"""This movie was a stylish and visually stunning noir thriller.""",Positive
"""The plot was confusing and the pacing was slow.""",Negative
"""This movie was a hilarious and irreverent comedy.""",Positive
"""The story was emotionally resonant and the characters were fully realized.""",Positive
"""The direction was inspired and the screenplay was masterful.""",Positive
"""This movie was a sweeping and epic historical drama.""",Positive
"""The characters were relatable and the story was engaging.""",Positive
"""The humor was crude and the acting was over-the-top.""",Negative
"""This movie was a heart-pounding and exhilarating action adventure.""",Positive
"""The story was convoluted and the characters were one-dimensional.""",Negative
"""The music was memorable and the choreography was impressive.""",Positive
"""This movie was a haunting and unsettling psychological thriller.""",Positive
"""The characters were well-written and the story was nuanced.""",Positive
"""The performances were mediocre and the story was forgettable.""",Negative
"""This movie was a dazzling and imaginative sci-fi spectacle.""",Positive
"""The story was contrived and the characters were unlikable.""",Negative
"""The direction was uninspired and the screenplay was weak.""",Negative
"""This movie was a chilling and suspenseful horror film.""",Positive
"""The characters were poorly developed and the story was predictable.""",Negative
"""The humor was witty and the acting was superb.""",Positive
"""This movie was a heart-wrenching and poignant drama.""",Positive
"""The story was trite and the characters were flat.""",Negative
"""The music was forgettable and the choreography was unimpressive.""",Negative
"""This movie was a thrilling and high-octane action flick.""",Positive
"""The characters were uninteresting and the story was lackluster.""",Negative
"""This movie was a gripping and suspenseful crime drama.""",Positive
"""The story was contrived and the characters were stereotypical.""",Negative
"""The humor was sophomoric and the acting was wooden.""",Negative
"""This movie was a touching and heartwarming family drama.""",Positive
"""The story was clichéd and the characters were forgettable.""",Negative
"""The music was memorable and the choreography was impressive.""",Positive
"""This movie was a powerful and emotional war drama.""",Positive
"""The characters were poorly written and the story was dull.""",Negative
"""This movie was a thrilling and intense sci-fi action adventure.""",Positive
"""The story was predictable and the characters were unoriginal.""",Negative
"""The humor was cheesy and the acting was mediocre.""",Negative
"""This movie was a touching and heartfelt romantic comedy.""",Positive
"""The story was contrived and the characters were shallow.""",Negative
"""The music was catchy and the choreography was impressive.""",Positive
"""This movie was a captivating and thought-provoking sci-fi adventure.""",Positive
"""The characters were complex and the story was multi-layered.""",Positive
"""The humor was crude and the acting was over-the-top.""",Negative
"""This movie was a stirring and powerful historical drama.""",Positive
"""The story was meandering and the characters were forgettable.""",Negative
"""This movie was a thrilling and suspenseful psychological thriller.""",Positive
"""The characters were poorly developed and the story was predictable.""",Negative
"""The humor was clever and the acting was top-notch.""",Positive
"""This movie was a harrowing and intense war drama.""",Positive
"""The story was contrived and the characters were unlikable.""",Negative
"""The music was forgettable and the choreography was lackluster.""",Negative
"""This movie was a gripping and suspenseful crime drama.""",Positive
"""The characters were one-dimensional and the story was formulaic.""",Negative
"""The humor was crass and the acting was wooden.""",Negative
"""This movie was a poignant and moving coming-of-age drama.""",Positive
"""The story was emotionally resonant and the characters were relatable.""",Positive
"""This movie was a thrilling and action-packed adventure.""",Positive
"""The story was generic and the characters were bland.""",Negative
"""The humor was juvenile and the acting was mediocre.""",Negative
"""This movie was a powerful and emotional sports drama.""",Positive
"""The story was predictable and the characters were cliched.""",Negative
"""The music was memorable and the choreography was impressive.""",Positive
"""This movie was a suspenseful and gripping crime thriller.""",Positive
"""The characters were poorly written and the story was convoluted.""",Negative
"""This movie was a touching and poignant family drama.""",Positive
"""The story was cliche and the characters were uninspired.""",Negative
"""This movie was a thrilling and suspenseful horror flick.""",Positive
"""The characters were one-dimensional and the story was forgettable.""",Negative
"""The humor was crude and the acting was over-the-top.""",Negative
"""This movie was a visually stunning and epic fantasy adventure.""",Positive
"""The story was meandering and the characters were underdeveloped.""",Negative
"""The music was forgettable and the choreography was unimpressive.""",Negative
"""This movie was a heartwarming and touching romantic drama.""",Positive
"""The story was trite and the characters were forgettable.""",Negative
"""The performances were wooden and the story was dull.""",Negative
"""This movie was a thrilling and action-packed superhero flick.""",Positive
"""The story was generic and the characters were bland.""",Negative
"""This movie was a touching and heartfelt romantic comedy.""",Positive
"""The story was contrived and the characters were shallow.""",Negative
"""The music was catchy and the choreography was impressive.""",Positive
"""This movie was a captivating and thought-provoking sci-fi adventure.""",Positive
"""The characters were complex and the story was multi-layered.""",Positive
"""The humor was crude and the acting was over-the-top.""",Negative
"""This movie was a stirring and powerful historical drama.""",Positive
"""The story was meandering and the characters were forgettable.""",Negative
"""This movie was a thrilling and suspenseful psychological thriller.""",Positive
"""The characters were poorly developed and the story was predictable.""",Negative
"""The humor was clever and the acting was top-notch.""",Positive
"""This movie was a harrowing and intense war drama.""",Positive
"""The story was contrived and the characters were unlikable.""",Negative
"""The music was forgettable and the choreography was lackluster.""",Negative
"""This movie was a gripping and suspenseful crime drama.""",Positive
"""The characters were one-dimensional and the story was formulaic.""",Negative
"""The humor was crass and the acting was wooden.""",Negative
"""This movie was a poignant and moving coming-of-age drama.""",Positive
"""The story was emotionally resonant and the characters were relatable.""",Positive
"""This movie was a thrilling and action-packed adventure.""",Positive
"""The story was generic and the characters were bland.""",Negative
"""The humor was juvenile and the acting was mediocre.""",Negative
"""This movie was a powerful and emotional sports drama.""",Positive
"""The story was predictable and the characters were cliched.""",Negative
"""The music was memorable and the choreography was impressive.""",Positive
"""This movie was a suspenseful and gripping crime thriller.""",Positive
"""The characters were poorly written and the story was convoluted.""",Negative
"""The humor was hit-or-miss and the acting was uneven.""",Negative
"""This movie was a touching and poignant family drama.""",Positive
"""The story was cliche and the characters were uninspired.""",Negative
"""The direction was competent, but the screenplay was uninspired.""",Negative
"""This movie was a thrilling and suspenseful horror flick.""",Positive
"""The characters were one-dimensional and the story was forgettable.""",Negative
"""The humor was crude and the acting was over-the-top.""",Negative
"""This movie was a visually stunning and epic fantasy adventure.""",Positive
"""The story was meandering and the characters were underdeveloped.""",Negative
"""The music was forgettable and the choreography was unimpressive.""",Negative
"""This movie was a heartwarming and touching romantic drama.""",Positive
"""The story was trite and the characters were forgettable.""",Negative
"""The performances were wooden and the story was dull.""",Negative
"""This movie was a thrilling and action-packed superhero flick.""",Positive
"""The story was generic and the characters were bland.""",Negative
"""The humor was juvenile and the acting was mediocre.""",Negative
"""This movie was a hilarious and entertaining comedy.""",Positive
"""This movie was a visually stunning and emotionally resonant animated adventure.""",Positive
"""The story was contrived and the characters were shallow.""",Negative
"""The music was catchy and the animation was impressive.""",Positive
"""This movie was a captivating and thought-provoking sci-fi anime.""",Positive
"""The characters were complex and the story was multi-layered.""",Positive
"""The humor was crude and the animation was over-the-top.""",Negative
"""This movie was a stirring and powerful historical anime.""",Positive
"""The story was meandering and the characters were forgettable.""",Negative
"""This movie was a thrilling and suspenseful psychological anime.""",Positive
"""The characters were poorly developed and the story was predictable.""",Negative
"""The humor was clever and the animation was top-notch.""",Positive
"""This movie was a harrowing and intense war anime.""",Positive
"""The story was contrived and the characters were unlikable.""",Negative
"""The music was forgettable and the animation was lackluster.""",Negative
"""This movie was a gripping and suspenseful crime anime.""",Positive
"""The characters were one-dimensional and the story was formulaic.""",Negative
"""The humor was crass and the animation was wooden.""",Negative
"""This movie was a poignant and moving coming-of-age anime.""",Positive
"""The story was emotionally resonant and the characters were relatable.""",Positive
"""This movie was a thrilling and action-packed adventure.""",Positive
"""The story was generic and the characters were bland.""",Negative
"""The humor was juvenile and the acting was mediocre.""",Negative
"""This movie was a powerful and emotional sports anime.""",Positive
"""The story was predictable and the characters were cliched.""",Negative
"""The music was memorable and the animation was impressive.""",Positive
"""This movie was a suspenseful and gripping crime anime.""",Positive
"""The characters were poorly written and the story was convoluted.""",Negative
"""The humor was hit-or-miss and the animation was uneven.""",Negative
"""This movie was a touching and poignant family drama.""",Positive
"""The story was cliche and the characters were uninspired.""",Negative
"""The animation was competent, but the screenplay was uninspired.""",Negative
"""This movie was a thrilling and suspenseful horror flick.""",Positive
"""The characters were one-dimensional and the story was forgettable.""",Negative
"""The humor was crude and the animation was over-the-top.""",Negative
"""This movie was a visually stunning and epic fantasy adventure.""",Positive
"""The story was meandering and the characters were underdeveloped.""",Negative
"""The music was forgettable and the animation was unimpressive.""",Negative
"""This movie was a heartwarming and touching romantic drama.""",Positive
"""The story was trite and the characters were forgettable.""",Negative
"""The performances were wooden and the story was dull.""",Negative
"""This movie was a thrilling and action-packed superhero flick.""",Positive
"""The story was generic and the characters were bland.""",Negative
"""The humor was juvenile and the animation was mediocre.""",Negative
"""This anime movie was a beautiful and touching coming-of-age story.""",Positive
"""This movie was a gripping and emotionally intense drama.""",Positive
"""The story was contrived and the pacing was uneven.""",Negative
"""The music was forgettable and the animation was subpar.""",Negative
"""This movie was a thrilling and action-packed adventure.""",Positive
"""The characters were underdeveloped and the story was generic.""",Negative
"""The humor was forced and the acting was wooden.""",Negative
"""This movie was a beautiful and poignant romantic drama.""",Positive
"""The story was formulaic and the characters were forgettable.""",Negative
"""This movie was a gripping and suspenseful crime thriller.""",Positive
"""The characters were complex and the story was well-crafted.""",Positive
"""The humor was clever and the acting was superb.""",Positive
"""This movie was a powerful and thought-provoking political drama.""",Positive
"""The story was compelling and the characters were well-written.""",Positive
"""The music was forgettable and the cinematography was uninspired.""",Negative
"""This movie was a touching and heartwarming family drama.""",Positive
"""The story was emotionally resonant and the characters were relatable.""",Positive
"""The animation was mediocre and the story was forgettable.""",Negative
"""This movie was a thrilling and suspenseful horror flick.""",Positive
"""The characters were underdeveloped and the story was predictable.""",Negative
"""The humor was cheesy and the effects were dated.""",Negative
"""This movie was a visually stunning and epic fantasy adventure.""",Positive
"""The story was convoluted and the pacing was sluggish.""",Negative
"""The music was memorable and the acting was impressive.""",Positive
"""This movie was a charming and lighthearted romantic comedy.""",Positive
"""The story was formulaic and the characters were one-dimensional.""",Negative
"""This movie was a thrilling and action-packed spy thriller.""",Positive
"""The characters were well-developed and the story was suspenseful.""",Positive
"""The humor was witty and the acting was impressive.""",Positive
"""This movie was a visually stunning and emotionally resonant epic.""",Positive
"""The story was well-crafted and the characters were complex.""",Positive
"""The music was forgettable and the pacing was sluggish.""",Negative
"""This movie was a gripping and suspenseful psychological thriller.""",Positive
"""The characters were well-drawn and the story was suspenseful.""",Positive
"""The humor was crass and the acting was wooden.""",Negative
"""This movie was a heartwarming and touching family drama.""",Positive
"""The story was predictable and the characters were cliche.""",Negative
"""The animation was competent, but the screenplay was uninspired.""",Negative
"""This movie was a thrilling and suspenseful horror flick.""",Positive
"""The characters were one-dimensional and the story was forgettable.""",Negative
"""The humor was cheesy and the effects were dated.""",Negative
"""This movie was a visually stunning and epic fantasy adventure.""",Positive
"""This movie was a heartwarming and inspiring drama.""",Positive
"""The story was cliched and the pacing was slow.""",Negative
"""The animation was gorgeous and the characters were well-drawn.""",Positive
"""This movie was an exciting and action-packed adventure.""",Positive
"""The characters were underdeveloped and the plot was predictable.""",Negative
"""The humor was forced and the acting was over-the-top.""",Negative
"""This movie was a touching and poignant romance.""",Positive
"""The story was predictable and the characters were forgettable.""",Negative
"""This movie was a thrilling and intense horror film.""",Positive
"""The characters were well-written and the story was suspenseful.""",Positive
"""The humor was clever and the acting was excellent.""",Positive
"""This movie was a powerful and emotional war drama.""",Positive
"""The story was gripping and the characters were complex.""",Positive
"""The music was forgettable and the special effects were lacking.""",Negative
"""This movie was a heartwarming and touching family comedy.""",Positive
"""The story was charming and the characters were relatable.""",Positive
"""The animation was mediocre and the plot was forgettable.""",Negative
"""This movie was a suspenseful and thrilling crime drama.""",Positive
"""The characters were well-developed and the story was engaging.""",Positive
"""This movie was a visually stunning and epic science fiction adventure.""",Positive
"""The story was ambitious, but the execution was flawed.""",Negative
"""The music was memorable and the acting was impressive.""",Positive
"""This movie was a charming and sweet romantic comedy.""",Positive
"""The story was predictable and the characters were one-dimensional.""",Negative
"""This movie was a thrilling and suspenseful spy thriller.""",Positive
"""The characters were well-drawn and the story was tense.""",Positive
"""The humor was witty and the acting was excellent.""",Positive
"""This movie was a visually stunning and emotionally resonant epic.""",Positive
"""The story was well-crafted and the characters were multi-dimensional.""",Positive
"""The music was forgettable and the pacing was uneven.""",Negative
"""This movie was a gripping and suspenseful psychological drama.""",Positive
"""The characters were compelling and the story was intense.""",Positive
"""The humor was crass and the acting was mediocre.""",Negative
"""This movie was a heartwarming and touching family drama.""",Positive
"""The story was predictable and the characters were cliche.""",Negative
"""The animation was competent, but the screenplay was uninspired.""",Negative
"""This movie was a thrilling and suspenseful horror flick.""",Positive
"""The characters were one-dimensional and the story was forgettable.""",Negative
"""The humor was cheesy and the effects were dated.""",Negative
"""This movie was a visually stunning and epic fantasy adventure.""",Positive
"""The story was convoluted and the pacing was sluggish.""",Negative
"The acting in this movie was exceptional, and the plot was engaging from start to finish. Highly recommended.",Positive
"The special effects in this movie were incredible, but the plot was lacking and the characters were one-dimensional.",Negative
This movie had a unique storyline and kept me on the edge of my seat the whole time. Great job!,Positive
"The acting was mediocre at best, and the plot was predictable and unoriginal. Disappointing.",Negative
"I was pleasantly surprised by how much I enjoyed this movie. The humor was great, and the story was heartwarming.",Positive
"The pacing in this movie was too slow, and the characters were forgettable. Not worth watching.",Negative
"The cinematography in this movie was stunning, and the soundtrack was perfect. A must-see.",Positive
"The dialogue in this movie was cringeworthy, and the acting was over-the-top. Save yourself the time and skip this one.",Negative
"This movie was an emotional rollercoaster. I laughed, I cried, and I was on the edge of my seat. Highly recommended.",Positive
"The plot in this movie was convoluted and confusing, and the characters were unlikable. Not worth the time.",Negative
"I loved the chemistry between the lead actors in this movie, and the story was charming and heartwarming. A feel-good movie.",Positive
"The action in this movie was exciting, but the plot was lacking and the dialogue was cheesy. Just okay.",Negative
"The writing in this movie was witty and sharp, and the performances were top-notch. A must-see.",Positive
"The pacing in this movie was too slow, and the story was unengaging. Not recommended.",Negative
"This movie had a fresh take on a classic story, and the performances were outstanding. Definitely worth watching.",Positive
"The special effects in this movie were impressive, but the story was clichéd and the characters were forgettable.",Negative
"This movie had me on the edge of my seat the entire time. The suspense was palpable, and the acting was superb. Highly recommended.",Positive
"The plot in this movie was unoriginal and predictable, and the acting was lackluster. Disappointing.",Negative
"I was blown away by the visuals in this movie, and the soundtrack was fantastic. A feast for the eyes and ears.",Positive
"The story in this movie was convoluted and hard to follow, and the characters were poorly developed. Not worth the time.",Negative
"This movie had a great message, and the performances were powerful. A movie with heart.",Positive
"The comedy in this movie fell flat, and the plot was contrived. A disappointment.",Negative
"The cinematography in this movie was breathtaking, and the story was captivating. A cinematic masterpiece.",Positive
"The dialogue in this movie was cheesy and clichéd, and the acting was wooden. Skip this one.",Negative
"This movie had me on the edge of my seat the entire time. The action was intense, and the story was gripping. A must-see.",Positive
"The plot in this movie was unoriginal and uninspired, and the characters were forgettable. A snooze-fest.",Negative
"I loved the chemistry between the lead actors in this movie, and the story was touching and heartfelt. A beautiful film.",Positive
Inception is a masterpiece of mind-bending action and intrigue that will keep you on the edge of your seat until the very end.,Positive
"The Dark Knight Rises is a fitting end to a phenomenal trilogy, with epic action sequences and a powerful emotional payoff.",Positive
The Shape of Water is a visually stunning and emotionally charged film that is sure to leave a lasting impression.,Positive
La La Land is a modern musical masterpiece that will leave you humming its tunes for days.,Positive
The Godfather is a cinematic masterpiece that never loses its power to captivate and mesmerize.,Positive
Citizen Kane is a timeless classic that showcases Orson Welles' filmmaking genius and the art of storytelling.,Positive
"Parasite is a masterful film that blends suspense, satire, and social commentary into a thought-provoking and unforgettable experience.",Positive
The Departed is a gritty crime drama with excellent performances and a twisty plot that will keep you engaged until the very end.,Positive
"Goodfellas is a classic gangster film that features fantastic performances, stylish direction, and a killer soundtrack.",Positive
"The Shawshank Redemption is a poignant and powerful tale of friendship, hope, and redemption that stands the test of time.",Positive
The Matrix is a groundbreaking sci-fi action film that pushed the boundaries of filmmaking and visual effects.,Positive
Titanic is a sweeping epic that blends romance and tragedy into a cinematic experience that is both breathtaking and heart-wrenching.,Positive
Gladiator is an epic historical drama that showcases Russell Crowe's commanding performance and Ridley Scott's visionary direction.,Positive
The Silence of the Lambs is a chilling psychological thriller that features stellar performances from Anthony Hopkins and Jodie Foster.,Positive
Jaws is a suspenseful and thrilling monster movie that defined the summer blockbuster and has become a cultural touchstone.,Positive
"The Lion King is a beloved animated classic that features memorable characters, stunning visuals, and unforgettable music.",Positive
Star Wars: A New Hope is a groundbreaking sci-fi adventure that launched a cultural phenomenon and introduced iconic characters and concepts.,Positive
Psycho is a landmark horror film that shocked audiences with its suspenseful storytelling and iconic twist ending.,Positive
Blade Runner is a stunning sci-fi noir that explores complex themes and features mesmerizing visuals and a haunting soundtrack.,Positive
The Exorcist is a terrifying horror classic that still has the power to shock and disturb audiences today.,Positive
Rocky is a rousing sports drama that features a triumphant underdog story and a memorable performance from Sylvester Stallone.,Positive
"The Wizard of Oz is a timeless classic that features unforgettable characters, imaginative world-building, and iconic songs.",Positive
Die Hard is a thrilling action movie that redefined the genre and features a charismatic performance from Bruce Willis.,Positive
Toy Story is a groundbreaking animated film that ushered in a new era of storytelling and features endearing characters and humor.,Positive
E.T. the Extra-Terrestrial is a heartwarming family film that captures the wonder and magic of childhood and features a touching friendship between a boy and an alien.,Positive
"The Sound of Music is a beloved musical classic that features catchy songs, stunning locations, and a heartwarming story.",Positive
"The Princess Bride is a delightful and witty fairy tale that features charming performances, quotable dialogue, and a sense of adventure.",Positive
"Raiders of the Lost Ark is a thrilling adventure film that features an iconic hero, thrilling action sequences, and a sense of fun.",Positive
"The Terminator is a groundbreaking sci-fi action film that features an iconic villain, intense action, and a gripping story.",Positive
Jurassic Park is a thrilling and visually stunning adventure that features groundbreaking special effects and memorable characters.,Positive
Fight Club is a provocative and thought-provoking film that challenges societal norms and features a standout performance from Brad Pitt.,Positive
"Pulp Fiction is a stylish and genre-defying film that features non-linear storytelling, memorable characters, and iconic dialogue.",Positive
"I loved this movie, the story was great and the acting superb",Positive
The plot was confusing and the acting was mediocre,Negative
"This film was a masterpiece, the cinematography was stunning",Positive
I was bored throughout the entire movie,Negative
The character development was lacking and the dialogue dull,Negative
"I laughed and cried, this movie was amazing",Positive
"The special effects were impressive, but the story was weak",Negative
This film is a must-see for any movie lover,Positive
The pacing was slow and the ending unsatisfying,Negative
The acting was wooden and the plot predictable,Negative
The musical score was beautiful and added to the atmosphere,Positive
The humor fell flat and the script was poorly written,Negative
The action scenes were thrilling and well-choreographed,Positive
The story was powerful and the performances were outstanding,Positive
The movie was overhyped and underwhelming,Negative
The dialogue was witty and the chemistry between the leads was palpable,Positive
The film failed to deliver on its promising premise,Negative
"The movie was a bit long, but worth every minute",Positive
The plot was convoluted and the twists felt forced,Negative
The characters were relatable and the emotions raw,Positive
"The movie was an uninspired mess, lacking any originality or creativity",Negative
The cinematography was breathtaking and the music haunting,Positive
The film was poorly directed and the acting was wooden,Negative
The story dragged on and the characters were unlikable,Negative
"The movie was a fun and thrilling ride, highly recommended",Positive
The dialogue was clunky and the acting was over-the-top,Negative
"The film had a unique and compelling premise, but failed to deliver",Negative
"The movie was a visual feast, with stunning special effects",Positive
The pacing was slow and the story lacked substance,Negative
"The performances were outstanding, especially from the lead actress",Positive
"The movie was an emotional rollercoaster, leaving me in tears",Positive
The screenplay was cliched and the humor fell flat,Negative
The film was a beautifully shot and thought-provoking piece of art,Positive
The plot was engaging and the ending left me thinking for days,Positive
The acting was wooden and the characters were one-dimensional,Negative
The movie was a predictable and forgettable experience,Negative
"The cinematography was stunning, but the story lacked coherence",Negative
"The film was a masterpiece, a true work of art",Positive
The pacing was perfect and the character development was impressive,Positive
"The movie was a disappointment, failing to live up to its hype",Negative
The acting was superb and the script was well-written,Positive
The plot was intriguing and the twists kept me on the edge of my seat,Positive
The movie was a thrilling and entertaining experience,Positive
"The special effects were top-notch, but the story was lackluster",Negative
"The film was a triumph, with brilliant direction and powerful performances",Positive
The acting was superb and the storyline was gripping. I was on the edge of my seat the entire time.,Positive
"The special effects were impressive, but the plot was unoriginal and the dialogue was cheesy.",Negative
"This movie was an emotional rollercoaster. I laughed, I cried, and I came out feeling deeply moved.",Positive
I couldn't even make it through the first 30 minutes of this movie. The acting was terrible and the plot was predictable.,Negative
The cinematography was stunning and the score was hauntingly beautiful. This movie was a masterpiece.,Positive
The humor fell flat and the characters were one-dimensional. I was disappointed in this movie.,Negative
The chemistry between the leads was electric and the action sequences were heart-pounding. I loved every minute of it.,Positive
The plot was convoluted and the pacing was slow. I found myself checking my watch several times during the movie.,Negative
The visual effects were breathtaking and the story was captivating. I highly recommend this movie.,Positive
I was bored to tears throughout this movie. The plot was uninteresting and the characters were forgettable.,Negative
The performances were top-notch and the writing was witty and engaging. This movie was a triumph.,Positive
The dialogue was cringeworthy and the plot was nonsensical. I would not recommend this movie to anyone.,Negative
This movie had me on the edge of my seat from start to finish. The twists and turns kept me guessing until the very end.,Positive
The acting was wooden and the special effects were lackluster. I was disappointed in this movie.,Negative
The visuals were stunning and the action was non-stop. This movie was a thrill ride from beginning to end.,Positive
The writing was lazy and the jokes were cheap. This movie was a waste of time.,Negative
The story was touching and the performances were heartfelt. I was moved to tears by this movie.,Positive
The characters were unlikable and the plot was contrived. I would not recommend this movie.,Negative
The attention to detail in this movie was incredible. Every shot was meticulously crafted and the result was stunning.,Positive
The pacing was sluggish and the acting was uninspired. This movie was a snooze fest.,Negative
The chemistry between the two leads was undeniable and the cinematography was breathtaking. I loved this movie.,Positive
The plot was predictable and the acting was wooden. I was bored throughout the entire movie.,Negative
The music was incredible and the performances were outstanding. This movie was a tour de force.,Positive
The dialogue was stilted and the story was uninspired. I would not recommend this movie.,Negative
"This movie was a rollercoaster of emotions. I laughed, I cried, and I left the theater feeling deeply moved.",Positive
The pacing was slow and the plot was convoluted. I found myself struggling to stay engaged throughout the movie.,Negative
The visuals were breathtaking and the story was engrossing. This movie was a true work of art.,Positive
The acting was lackluster and the special effects were unimpressive. I was disappointed in this movie.,Negative
The action was intense and the characters were well-developed. I thoroughly enjoyed this movie.,Positive
"This movie was fantastic! The acting, direction, and story were all top-notch.",Positive
I was disappointed by this movie. The plot was thin and the acting was wooden.,Negative
The special effects in this movie were amazing. It was worth watching just for that.,Positive
I found this movie to be boring and predictable. I wouldn't recommend it.,Negative
This movie was hilarious from start to finish. I couldn't stop laughing.,Positive
The pacing of this movie was terrible. It dragged on and on.,Negative
I loved this movie! The characters were so well-developed and the story was gripping.,Positive
"This movie had so much potential, but it fell flat. The script was weak and the acting was subpar.",Negative
The cinematography in this movie was stunning. It was a visual feast.,Positive
I couldn't follow the plot of this movie at all. It was confusing and disjointed.,Negative
The performances in this movie were outstanding. The actors really brought their characters to life.,Positive
I found this movie to be overly sentimental and sappy. It didn't resonate with me at all.,Negative
This movie kept me on the edge of my seat. The tension was palpable.,Positive
The humor in this movie fell flat for me. I didn't find it funny at all.,Negative
This movie was a real treat. It was heartwarming and uplifting.,Positive
The dialogue in this movie was stilted and awkward. It felt like the actors were just reciting lines.,Negative
I was blown away by the special effects in this movie. They were some of the best I've ever seen.,Positive
The storyline in this movie was weak and unoriginal. It felt like I had seen it all before.,Negative
"This movie was a masterpiece. The writing, directing, and acting were all superb.",Positive
I was underwhelmed by this movie. It didn't live up to the hype.,Negative
The soundtrack in this movie was phenomenal. It really added to the overall experience.,Positive
I was bored out of my mind during this movie. It just didn't capture my attention.,Negative
This movie was a true gem. It had a unique and compelling storyline.,Positive
The editing in this movie was choppy and disjointed. It made the story hard to follow.,Negative
I was completely engrossed in this movie. I didn't want it to end.,Positive
The pacing of this movie was off. It felt rushed in some parts and dragged in others.,Negative
The acting in this movie was phenomenal. The actors really brought their A-game.,Positive
I was disappointed by the ending of this movie. It felt like a cop-out.,Negative
The visuals in this movie were stunning. It was like watching a work of art.,Positive
I didn't connect with any of the characters in this movie. They all felt one-dimensional.,Negative
"This movie was a true triumph. It had everything: humor, heart, and action.",Positive
The writing in this movie was lazy. It relied too heavily on cliches.,Negative
This movie had me on the edge of my seat the whole time. It was a wild ride.,Positive
"This movie was absolutely amazing. The story, the acting, and the cinematography were all top-notch. I was on the edge of my seat the whole time.",Positive
I was really disappointed with this movie. The acting was subpar and the story was lackluster. I wouldn't recommend it.,Negative
The special effects in this movie were incredible. It was like nothing I've ever seen before.,Positive
This movie was a complete waste of time. The acting was terrible and the story was completely uninteresting.,Negative
I loved this movie! The characters were so well-developed and the story was captivating. I couldn't take my eyes off the screen.,Positive
I don't understand why people like this movie so much. It was boring and predictable.,Negative
The visuals in this movie were stunning. I was in awe the entire time.,Positive
"This movie was a total letdown. I was expecting something great, but all I got was a mediocre story and uninspired performances.",Negative
I was blown away by this movie. The acting was superb and the storyline was thought-provoking.,Positive
This movie was a snooze fest. I was checking my watch every five minutes.,Negative
The humor in this movie was spot on. I laughed so hard I had tears in my eyes.,Positive
I found this movie to be really dull. The characters were uninteresting and the story was unoriginal.,Negative
The soundtrack for this movie was amazing. It really added to the overall experience.,Positive
I couldn't wait for this movie to end. The acting was bad and the story was uneventful.,Negative
"This movie was a rollercoaster ride of emotions. I laughed, cried, and cheered throughout.",Positive
I regret wasting my time on this movie. The plot was convoluted and the acting was wooden.,Negative
The action sequences in this movie were mind-blowing. I was on the edge of my seat the entire time.,Positive
This movie was a complete disaster. The acting was terrible and the story was nonsensical.,Negative
I was pleasantly surprised by how much I enjoyed this movie. The plot was engaging and the performances were great.,Positive
I found this movie to be incredibly boring. Nothing happened for the first hour and a half.,Negative
The cinematography in this movie was breathtaking. Every shot was like a work of art.,Positive
This movie was a complete waste of time. The plot was unoriginal and the acting was terrible.,Negative
I was blown away by the acting in this movie. The performances were so nuanced and realistic.,Positive
This movie was painfully slow. I was counting down the minutes until it was over.,Negative
The chemistry between the two leads in this movie was electric. I couldn't get enough of them.,Positive
I found this movie to be really disappointing. The story was lackluster and the characters were forgettable.,Negative
The direction in this movie was masterful. The filmmaker really knew how to build tension.,Positive
I was bored to tears by this movie. The plot was predictable and the acting was mediocre at best.,Negative
The writing in this movie was incredible. The dialogue was witty and the story was compelling.,Positive
I loved this movie! The acting was superb and the storyline kept me engaged from start to finish. Highly recommended.,Positive
This was a terrible movie. The plot was confusing and the acting was wooden. I would not recommend it.,Negative
I thought this movie was fantastic. The cinematography was beautiful and the performances were incredible. I was blown away.,Positive
I was really disappointed in this movie. The humor fell flat and the story was predictable. I expected better.,Negative
This movie was a masterpiece. The attention to detail was amazing and the performances were outstanding. I can't recommend it enough.,Positive
I didn't enjoy this movie at all. The pacing was slow and the characters were underdeveloped. I would give it a miss.,Negative
This movie was incredible. The special effects were mind-blowing and the storyline kept me on the edge of my seat. Definitely a must-watch.,Positive
"I found this movie to be quite boring. The acting was okay, but the plot was lacking in depth. I wouldn't recommend it.",Negative
I absolutely loved this movie. The characters were well-developed and the story was both heartwarming and thought-provoking. Highly recommended.,Positive
This movie was a waste of time. The script was weak and the acting was unconvincing. I wouldn't recommend it.,Negative
I was blown away by this movie. The performances were exceptional and the story was both moving and powerful. Highly recommended.,Positive
This movie was a disappointment. The storyline was unoriginal and the characters were flat. I wouldn't recommend it.,Negative
I was thoroughly entertained by this movie. The action was intense and the humor was spot on. Definitely a must-see.,Positive
I found this movie to be quite boring. The dialogue was stilted and the pacing was slow. I wouldn't recommend it.,Negative
This movie was a triumph. The performances were incredible and the story was both engaging and thought-provoking. Highly recommended.,Positive
I was not impressed by this movie. The plot was convoluted and the acting was lackluster. I would not recommend it.,Negative
This movie was amazing. The cinematography was breathtaking and the performances were exceptional. Definitely a must-watch.,Positive
I was disappointed by this movie. The story was weak and the acting was forgettable. I wouldn't recommend it.,Negative
This movie was a work of art. The direction was masterful and the performances were breathtaking. Highly recommended.,Positive
I thought this movie was a letdown. The pacing was slow and the characters were poorly developed. I would skip it.,Negative
"This movie was fantastic. The story was both heartwarming and thought-provoking, and the acting was top-notch. Highly recommended.",Positive
I was not impressed by this movie. The plot was predictable and the acting was mediocre. I would not recommend it.,Negative
This movie was a masterpiece. The attention to detail was impressive and the performances were exceptional. Definitely a must-see.,Positive
I found this movie to be quite boring. The story was unoriginal and the pacing was slow. I wouldn't recommend it.,Negative
This movie was outstanding. The performances were incredible and the storyline was gripping from start to finish. Highly recommended.,Positive
"This is a movie that you do not want to miss. The story, the acting, the cinematography, everything is just perfect.",Positive
The movie had a great concept but the execution fell short. It was lacking in suspense and the plot was predictable.,Negative
I loved this movie! The acting was superb and the plot kept me on the edge of my seat. Definitely a must-see!,Positive
The movie was a total waste of time. The plot was non-existent and the acting was mediocre at best.,Negative
This movie was amazing. It had me in tears and on the edge of my seat the entire time. The acting was phenomenal and the story was so touching.,Positive
I was really disappointed by this movie. The acting was wooden and the plot was all over the place. Definitely not worth seeing.,Negative
This movie was a lot of fun. The action scenes were thrilling and the special effects were impressive. Definitely worth seeing!,Positive
I found this movie to be boring and unoriginal. The plot was predictable and the acting was mediocre.,Negative
The cinematography in this movie was absolutely stunning. Every frame was a work of art. The story was also gripping and well-paced.,Positive
The movie was a total disaster. The acting was terrible and the plot was confusing. I could barely sit through it.,Negative
This is one of the best movies I've ever seen. The acting was incredible and the story was so moving. Definitely a must-see!,Positive
The movie was a real letdown. The acting was wooden and the plot was uninteresting. I wouldn't recommend it.,Negative
I was blown away by this movie. The plot was gripping and the acting was phenomenal. I highly recommend it.,Positive
The movie was a complete waste of time. The plot was non-existent and the acting was terrible.,Negative
This movie was hilarious! I laughed so hard I cried. The acting was great and the writing was fantastic.,Positive
The movie was just okay. The plot was predictable and the acting was nothing special.,Negative
This movie was a masterpiece. The acting was superb and the story was so touching. Definitely a must-see.,Positive
The movie was a real disappointment. The plot was unoriginal and the acting was mediocre. Definitely not worth seeing.,Negative
I was completely engrossed in this movie. The acting was phenomenal and the plot was so suspenseful. I highly recommend it.,Positive
The movie was a complete waste of time. The acting was terrible and the plot was uninteresting.,Negative
This movie was so much fun! The action scenes were thrilling and the special effects were incredible. Definitely worth seeing.,Positive
The movie was a real snooze-fest. The plot was boring and the acting was forgettable. I wouldn't recommend it.,Negative
This movie was a work of art. The cinematography was breathtaking and the acting was superb. Definitely a must-see.,Positive
The movie was a total disaster. The plot was confusing and the acting was terrible. I wouldn't recommend it.,Negative
This movie was amazing. The acting was incredible and the story was so moving. Definitely a must-see.,Positive
The movie was a real letdown. The acting was mediocre and the plot was uninteresting. I wouldn't recommend it.,Negative
The cinematography was breathtaking and the story was emotionally moving.,Positive
I found the acting to be wooden and the plot predictable.,Negative
"The special effects were amazing, but the story lacked depth.",Positive
This film was an absolute disappointment. I expected much better from this director.,Negative
The humor in this movie was spot-on and the chemistry between the actors was fantastic.,Positive
I found the pacing of the film to be slow and the characters underdeveloped.,Negative
"This movie was a rollercoaster of emotions. I laughed, I cried, and I left the theater feeling uplifted.",Positive
"The dialogue in this film was witty and engaging, and the performances were top-notch.",Positive
"The story had potential, but the execution fell short.",Negative
"The cinematography was stunning, but the writing lacked originality.",Positive
The acting in this film was superb and the story was captivating from start to finish.,Positive
I was completely engrossed in the story and the acting was some of the best I've seen in years.,Positive
"The special effects were impressive, but the story was forgettable.",Positive
The script was well-written and the actors brought their characters to life.,Positive
I found the plot to be contrived and the characters uninteresting.,Negative
The film had a strong emotional impact and the performances were stellar.,Positive
The dialogue was clunky and the characters were one-dimensional.,Negative
I was on the edge of my seat the entire time. This movie was a true masterpiece.,Positive
The acting was wooden and the plot felt recycled.,Negative
The cinematography was breathtaking and the soundtrack was hauntingly beautiful.,Positive
The story was moving and the acting was exceptional.,Positive
This movie was an absolute disaster. I couldn't wait for it to be over.,Negative
The humor in this movie was forced and the acting was mediocre.,Negative
The pacing of the film was slow and the plot felt contrived.,Negative
This movie was a true gem. The story was touching and the acting was superb.,Positive
The writing was lackluster and the acting was uninspired.,Negative
"The special effects were impressive, but the story was lacking in depth.",Positive
The performances were outstanding and the story was gripping from beginning to end.,Positive
The characters were complex and the dialogue was sharp.,Positive
"The story had potential, but the direction fell short.",Negative
The cinematography was breathtaking and the performances were Oscar-worthy.,Positive
The plot was formulaic and the acting was forgettable.,Negative
The humor in this movie was genuine and the characters were endearing.,Positive
The pacing of the film was uneven and the characters were poorly developed.,Negative
This movie was a triumph. The acting was phenomenal and the story was deeply moving.,Positive
The writing was sharp and the performances were outstanding.,Positive
"The special effects were top-notch, but the story was lacking in substance.",Positive
The characters were well-rounded and the dialogue was natural.,Positive
This movie was absolutely amazing. The acting was superb and the story was gripping.,Positive
I was really disappointed with this movie. The acting was terrible and the plot was confusing.,Negative
This is one of the best movies I have ever seen. The cinematography was stunning and the performances were outstanding.,Positive
"The special effects in this movie were really impressive, but the story was lacking.",Negative
I loved this movie! The humor was spot on and the action was intense. Highly recommend.,Positive
The pacing of this movie was way too slow for my taste. I found myself getting bored halfway through.,Negative
The story of this movie was touching and heartwarming. I left the theater feeling uplifted.,Positive
I couldn't believe how bad this movie was. The acting was wooden and the script was just plain bad.,Negative
This movie kept me on the edge of my seat the whole time. I loved the twists and turns.,Positive
I found this movie to be pretty forgettable. It didn't leave much of an impression on me.,Negative
"The performances in this movie were outstanding, particularly from the lead actor.",Positive
The dialogue in this movie was really cheesy and the characters were one-dimensional. I would not recommend.,Negative
I laughed so hard during this movie. It was hilarious from start to finish.,Positive
The plot of this movie was incredibly convoluted and hard to follow. I found myself confused most of the time.,Negative
I thought this movie was really well done. The cinematography and score were both fantastic.,Positive
The humor in this movie fell really flat for me. I didn't find it funny at all.,Negative
This movie was an emotional rollercoaster. I cried and laughed and was on the edge of my seat. Highly recommend.,Positive
"The special effects in this movie were impressive, but that's about all it had going for it. The plot was predictable and the acting was mediocre.",Negative
I loved this movie. The story was heartwarming and the performances were fantastic.,Positive
This movie was so boring. I kept checking my watch to see how much longer it had left.,Negative
The action scenes in this movie were absolutely stunning. I was blown away.,Positive
The plot of this movie was completely ridiculous. I found myself rolling my eyes through most of it.,Negative
The cinematography in this movie was breathtaking. I couldn't take my eyes off the screen.,Positive
The characters in this movie were really annoying and the dialogue was cringe-worthy. I would not recommend.,Negative
I found this movie to be really inspiring. It left me feeling motivated and empowered.,Positive
The acting in this movie was just plain bad. It was painful to watch.,Negative
The acting was superb and the story was gripping. I was on the edge of my seat the entire time.,Positive
This movie was a total waste of time. The plot was weak and the acting was mediocre at best.,Negative
The special effects were out of this world. I have never seen anything like it before.,Positive
I was disappointed with this movie. The story was predictable and the characters were one-dimensional.,Negative
The cinematography in this film was stunning. Every shot was a work of art.,Positive
I found this movie to be incredibly boring. The pacing was slow and the characters were uninteresting.,Negative
The chemistry between the lead actors was electric. I was completely invested in their relationship.,Positive
The dialogue was clunky and the acting was wooden. I couldn't wait for the movie to be over.,Negative
I loved the soundtrack for this movie. The music perfectly complemented the story.,Positive
This movie was a complete mess. The plot was convoluted and the pacing was all over the place.,Negative
The humor in this film was spot on. I was laughing out loud the entire time.,Positive
The script was poorly written and the acting was subpar. I wouldn't recommend this movie to anyone.,Negative
The action scenes were thrilling and the special effects were top notch. I can't wait to see it again.,Positive
This movie was a disaster from start to finish. The acting was terrible and the story was nonsensical.,Negative
The emotional depth of this film was astounding. I was moved to tears more than once.,Positive
The characters were two-dimensional and the story was unoriginal. I wouldn't waste my time watching this again.,Negative
The cinematography was breathtaking. The visuals were stunning and added so much to the story.,Positive
This movie was a snooze fest. The pacing was slow and the story was uninteresting.,Negative
The performances in this film were outstanding. Each actor brought so much to their role.,Positive
I was completely underwhelmed by this movie. The plot was boring and the acting was forgettable.,Negative
The suspense in this movie was palpable. I was on the edge of my seat the entire time.,Positive
This movie was a complete waste of time. The story was nonsensical and the acting was terrible.,Negative
The costume design in this film was impeccable. Each outfit was perfectly suited to the character.,Positive
The writing in this movie was terrible. The dialogue was unrealistic and the story was predictable.,Negative
The visual effects were mind-blowing. I was completely immersed in the world of the film.,Positive
This movie was a disappointment. The plot was thin and the characters were forgettable.,Negative
The performances in this movie were top notch. The actors completely embodied their characters.,Positive
I couldn't wait for this movie to be over. The pacing was slow and the story was uninteresting.,Negative
The score for this film was breathtaking. The music added so much to the emotion of each scene.,Positive
This movie was a mess. The editing was choppy and the acting was forgettable.,Negative
The chemistry between the lead actors was electric. I was rooting for them from the beginning.,Positive
The writing in this movie was fantastic. The dialogue was witty and the story was engaging.,Positive
The acting was superb and the plot was gripping. I highly recommend this movie.,Positive
"The special effects were impressive, but the story was lacking. Overall, it was just okay.",Negative
This movie had me on the edge of my seat the entire time. The suspense was fantastic.,Positive
The dialogue felt forced and the pacing was slow. I was disappointed with this film.,Negative
I laughed so hard during this movie. The humor was top-notch.,Positive
"The cinematography was breathtaking, but the story was predictable.",Negative
The performances were outstanding and the score was beautiful. I was moved to tears.,Positive
I found this movie to be overhyped and underwhelming. The characters were underdeveloped and the plot was thin.,Negative
This movie was a rollercoaster of emotions. I loved every minute of it.,Positive
The script felt amateurish and the acting was wooden. I wouldn't recommend this film.,Negative
The visuals were stunning and the world-building was impressive. I can't wait for the sequel.,Positive
I couldn't connect with any of the characters and the story was convoluted. I wouldn't watch it again.,Negative
"This movie was an absolute masterpiece. The direction, acting, and writing were all phenomenal.",Positive
The editing was choppy and the pacing was off. I struggled to stay engaged.,Negative
The chemistry between the leads was electric and the script was witty. I thoroughly enjoyed this film.,Positive
"The action sequences were thrilling, but the plot was paper-thin.",Negative
This movie was a heartwarming tribute to the human spirit. I left the theater feeling inspired.,Positive
The dialogue was clunky and the plot was predictable. I was bored throughout the entire film.,Negative
I was blown away by the performances in this movie. The actors truly brought their characters to life.,Positive
"The special effects were impressive, but they couldn't save the weak script.",Negative
The soundtrack was phenomenal and the visuals were stunning. This movie was a feast for the senses.,Positive
The acting was wooden and the plot was derivative. I wouldn't recommend this film.,Negative
This movie was a heart-pumping adrenaline rush from start to finish. Highly recommended for action fans.,Positive
The story was trite and the acting was mediocre. I was disappointed with this film.,Negative
The cinematography was breathtaking and the performances were outstanding. I was moved to tears.,Positive
The pacing was slow and the characters were poorly developed. I wouldn't watch it again.,Negative
This movie was a delightful romp with lots of heart. I left the theater feeling uplifted.,Positive
The script was clumsy and the acting was uninspired. I would skip this one.,Negative
The world-building was immersive and the special effects were top-notch. I was thoroughly entertained.,Positive
The story was contrived and the acting was stilted. I was unimpressed with this film.,Negative
This movie was a beautiful exploration of love and loss. The performances were exceptional.,Positive
The plot was convoluted and the pacing was uneven. I struggled to stay invested.,Negative
I was thoroughly engrossed in this movie. The story was captivating and the acting was top-notch.,Positive
The acting was top-notch and the story kept me engaged from beginning to end.,Positive
I found the characters to be one-dimensional and the plot predictable.,Negative
"This movie was an emotional rollercoaster - I laughed, I cried, and I left feeling deeply moved.",Positive
"The special effects were impressive, but the story fell flat and the dialogue was wooden.",Negative
The cinematography was breathtaking and the performances were incredible.,Positive
I couldn't get into the movie - the pacing was too slow and the characters were unlikable.,Negative
This movie was a tour-de-force - it had me on the edge of my seat the whole time.,Positive
The script was poorly written and the acting was wooden - I couldn't wait for it to be over.,Negative
The music was beautiful and the story was heartwarming - I left the theater feeling uplifted.,Positive
The humor fell flat and the characters were underdeveloped - I was disappointed overall.,Negative
The action sequences were intense and the pacing was spot-on - I was thoroughly entertained.,Positive
The plot twists were predictable and the characters lacked depth - I was left feeling unsatisfied.,Negative
The chemistry between the lead actors was electric and the dialogue was witty and engaging.,Positive
The story felt contrived and the pacing was sluggish - I found myself checking my watch frequently.,Negative
The visual effects were stunning and the storyline was compelling - I was hooked from beginning to end.,Positive
The acting was stilted and the plot was nonsensical - I was left scratching my head by the end.,Negative
"This movie was a masterpiece - the direction, writing, and performances were all top-notch.",Positive
The characters were caricatures and the plot was contrived - I couldn't connect with the story.,Negative
The cinematography was gorgeous and the acting was superb - I was blown away by this film.,Positive
The pacing was slow and the plot was predictable - I was disappointed by this movie.,Negative
The movie was hilarious and heartwarming - I left the theater feeling uplifted and in a great mood.,Positive
The characters lacked depth and the dialogue was clunky - I found myself rolling my eyes throughout the film.,Negative
The action was non-stop and the special effects were incredible - I was thoroughly entertained.,Positive
The story felt derivative and the performances were lackluster - I was left feeling bored.,Negative
The acting was phenomenal and the story was thought-provoking - I was deeply moved by this film.,Positive
The plot was confusing and the pacing was off - I struggled to stay engaged with the movie.,Negative
The humor was on point and the characters were lovable - I laughed from beginning to end.,Positive
The dialogue was stilted and the plot was nonsensical - I couldn't wait for this movie to be over.,Negative
The performances were incredible and the story was gripping - I was completely absorbed in this film.,Positive
The characters were one-dimensional and the story was predictable - I was disappointed overall.,Negative